"1","3","8","120","19800","NULL","NULL","NULL","0","2015-02-05 13:30:00","2015-02-09 17:00:00","19.75","NULL","NULL"
"2","1","5","50","20000","NULL","NULL","NULL","0","2015-01-30 09:00:00","2015-02-02 12:40:00","19.75","NULL","NULL"
"3","2","6","36","10000","NULL","NULL","NULL","0","2015-02-02 15:00:00","2015-02-05 10:40:00","11.75","NULL","NULL"
"4","4","5","120","19800","NULL","NULL","NULL","0","2015-02-05 13:30:00","2015-02-09 17:00:00","19.75","NULL","NULL"
"5","5","4","120","19800","NULL","NULL","NULL","0","2015-02-05 13:30:00","2015-02-09 14:25:00","17","NULL","NULL"
"6","6","6","240","82080","NULL","NULL","NULL","0","2015-02-05 13:30:00","2015-02-11 14:18:00","33","NULL","NULL"
"7","11","5","240","82080","NULL","NULL","NULL","0","2015-02-10 15:30:00","2015-02-20 12:00:00","60.5","NULL","NULL"
"8","7","3","120","19440","NULL","NULL","NULL","0","2015-02-09 14:07:00","2015-02-12 13:30:00","23.5","NULL","NULL"
"9","9","7","120","19440","NULL","NULL","NULL","0","2015-02-10 08:00:00","2015-02-12 17:30:00","25.5","NULL","NULL"
"10","10","8","120","19440","NULL","NULL","NULL","0","2015-02-10 15:30:00","2015-02-16 08:00:00","24.5","NULL","NULL"
"11","8","4","120","19440","NULL","NULL","NULL","0","2015-02-10 12:00:00","2015-02-12 14:25:00","18.5","NULL","NULL"
"12","12","6","240","82080","NULL","NULL","NULL","0","2015-02-11 15:08:00","2015-02-20 13:39:00","54.75","NULL","NULL"
"13","18","7","240","82080","NULL","NULL","NULL","0","2015-02-17 13:15:00","2015-02-27 17:00:00","67.75","NULL","NULL"
"14","13","8","120","41040","NULL","NULL","NULL","5","2015-02-20 15:00:00","2015-02-25 13:51:00","28","NULL","NULL"
"15","14","4","60","9720","NULL","NULL","NULL","0","2015-02-24 08:00:00","2015-02-25 17:00:00","17","NULL","NULL"
"16","15","6","60","9720","NULL","NULL","NULL","0","2015-02-24 08:00:00","2015-02-25 09:27:00","9.5","NULL","NULL"
"17","16","5","90","14580","NULL","NULL","NULL","0","2015-02-24 08:00:00","2015-02-26 11:21:00","19.5","NULL","NULL"
"18","17","6","240","38880","NULL","NULL","NULL","0","2015-02-25 09:27:00","2015-02-26 15:25:00","14","NULL","NULL"
"19","19","3","150","23750","NULL","NULL","NULL","6","2015-02-27 12:00:00","2015-03-11 12:03:00","62.25","NULL","NULL"
"20","22","4","240","38000","NULL","NULL","NULL","0","2015-03-03 13:30:00","2015-03-13 17:00:00","59.75","NULL","NULL"
"21","20","7","120","41040","NULL","NULL","NULL","0","2015-03-03 15:56:00","2015-03-11 13:35:00","37.75","NULL","NULL"
"22","21","8","120","41040","NULL","NULL","NULL","4","2015-03-03 16:20:00","2015-03-11 13:14:00","41","NULL","NULL"
"23","23","6","120","19440","NULL","NULL","NULL","1.5","2015-03-12 08:00:00","2015-03-17 14:51:00","32.5","NULL","NULL"
"24","24","7","120","19440","NULL","NULL","NULL","1.5","2015-03-12 08:00:00","2015-03-17 17:10:00","34.75","NULL","NULL"
"25","25","8","120","19440","NULL","NULL","NULL","6","2015-03-12 08:00:00","2015-03-17 09:24:00","31.5","NULL","NULL"
"26","26","5","120","19440","NULL","NULL","NULL","2.5","2015-03-12 12:00:00","2015-03-17 08:59:00","23.5","NULL","NULL"
"27","27","4","120","41040","NULL","NULL","NULL","0","2015-03-17 09:30:00","2015-03-23 09:06:00","31.75","NULL","NULL"
"28","29","5","120","41040","NULL","NULL","NULL","0","2015-03-17 09:30:00","2015-03-25 17:02:00","55.75","NULL","NULL"
"29","28","3","40","6300","NULL","NULL","NULL","0","2015-03-18 16:00:00","2015-03-23 10:44:00","18.75","NULL","NULL"
"30","34","6","120","41040","NULL","NULL","NULL","6","2015-03-20 12:30:00","2015-03-31 04:37:00","54.25","NULL","NULL"
"31","31","3","40","6300","NULL","NULL","NULL","0","2015-03-23 12:00:00","2015-03-26 10:39:00","22.75","NULL","NULL"
"32","30","4","240","38880","NULL","NULL","NULL","0","2015-03-24 08:00:00","2015-03-25 17:02:00","17.25","NULL","NULL"
"33","32","7","120","41040","NULL","NULL","NULL","0","2015-03-24 15:00:00","2015-03-30 15:45:00","32.75","NULL","NULL"
"34","35","8","120","41040","NULL","NULL","NULL","3","2015-03-25 08:00:00","2015-03-31 05:10:00","32.25","NULL","NULL"
"35","36","1","240","38000","NULL","NULL","NULL","0","2015-03-25 08:00:00","2015-03-31 17:00:00","41","NULL","NULL"
"36","37","5","87","29705","NULL","NULL","NULL","0","2015-03-26 08:00:00","2015-04-01 12:00:00","36","NULL","NULL"
"37","33","3","40","6300","NULL","NULL","NULL","0.5","2015-03-26 13:30:00","2015-03-30 16:42:00","19.75","NULL","NULL"
"38","42","4","240","38000","NULL","NULL","NULL","3","2015-03-26 14:00:00","2015-04-08 16:37:00","85.75","NULL","NULL"
"39","38","7","120","41040","NULL","NULL","NULL","0","2015-03-26 12:00:00","2015-04-04 17:00:00","61.25","NULL","NULL"
"40","39","6","120","41040","NULL","NULL","NULL","1.5","2015-04-01 08:00:00","2015-04-07 12:03:00","45.75","NULL","NULL"
"41","40","5","120","41040","NULL","NULL","NULL","2.5","2015-04-01 08:00:00","2015-04-07 10:04:00","44.75","NULL","NULL"
"42","45","8","120","41040","NULL","NULL","NULL","3","2015-04-02 15:00:00","2015-04-09 10:29:00","46.5","NULL","NULL"
"43","43","7","120","9000","NULL","NULL","NULL","3","2015-04-06 13:00:00","2015-04-08 10:00:00","16","NULL","NULL"
"44","46","6","120","9000","NULL","NULL","NULL","1","2015-04-07 10:00:00","2015-04-09 09:56:00","17","NULL","NULL"
"45","44","5","120","9000","NULL","NULL","NULL","1","2015-04-07 10:00:00","2015-04-08 13:15:00","12.5","NULL","NULL"
"46","47","3","120","9000","NULL","NULL","NULL","1","2015-04-08 09:32:00","2015-04-10 16:56:00","24.5","NULL","NULL"
"47","49","7","150","23750","NULL","NULL","NULL","12.5","2015-04-08 10:26:00","2015-04-13 17:00:00","51.25","NULL","NULL"
"48","48","5","60","20520","NULL","NULL","NULL","1","2015-04-08 15:20:00","2015-04-11 14:10:00","24","NULL","NULL"
"49","55","9","65","22194","NULL","NULL","NULL","2","2015-04-11 10:00:00","2015-04-22 16:00:00","40","NULL","NULL"
"50","55","10","65","22194","NULL","NULL","NULL","0.5","2015-04-12 16:00:00","2015-04-23 17:00:00","33.75","NULL","NULL"
"51","50","8","120","38000","NULL","NULL","NULL","4","2015-04-09 12:00:00","2015-04-13 16:04:00","32.25","NULL","NULL"
"52","51","6","120","41040","NULL","NULL","NULL","4","2015-04-10 10:20:00","2015-04-13 17:00:00","26.75","NULL","NULL"
"53","53","3","120","41040","NULL","NULL","NULL","3","2015-04-11 08:00:00","2015-04-21 17:00:00","36","NULL","NULL"
"54","52","5","80","27360","NULL","NULL","NULL","2","2015-04-11 14:00:00","2015-04-20 14:20:00","18.5","NULL","NULL"
"55","52","4","40","13680","NULL","NULL","NULL","1","2015-04-11 12:30:00","2015-04-20 17:00:00","21.5","NULL","NULL"
"56","54","7","120","41040","NULL","NULL","NULL","2","2015-04-20 08:00:00","2015-04-21 17:00:00","19","NULL","NULL"
"57","54","8","120","41040","NULL","NULL","NULL","2","2015-04-20 08:00:00","2015-04-21 13:00:00","15","NULL","NULL"
"58","56","6","150","19000","NULL","NULL","NULL","1","2015-04-20 11:00:00","2015-04-23 13:40:00","27.75","NULL","NULL"
"59","56","5","90","19000","NULL","NULL","NULL","1","2015-04-20 14:20:00","2015-04-22 12:00:00","14.75","NULL","NULL"
"60","57","4","60","19000","NULL","NULL","NULL","1","2015-04-21 08:00:00","2015-04-23 08:10:00","17.25","NULL","NULL"
"61","58","7","60","4500","NULL","NULL","NULL","0","2015-04-23 12:00:00","2015-04-24 13:30:00","9.5","NULL","NULL"
"62","58","8","60","4500","NULL","NULL","NULL","0","2015-04-23 12:00:00","2015-04-24 14:00:00","10.25","NULL","NULL"
"63","59","4","30","2250","NULL","NULL","NULL","0","2015-04-24 09:30:00","2015-04-24 15:20:00","6","NULL","NULL"
"64","59","9","30","2250","NULL","NULL","NULL","0","2015-04-24 09:30:00","2015-04-25 11:00:00","9.5","NULL","NULL"
"65","59","10","30","2250","NULL","NULL","NULL","0","2015-04-24 09:30:00","2015-04-24 13:40:00","4.25","NULL","NULL"
"66","59","3","30","2250","NULL","NULL","NULL","0","2015-04-24 09:30:00","2015-04-24 16:20:00","7","NULL","NULL"
"67","60","5","20","6840","NULL","NULL","NULL","0","2015-04-25 08:00:00","2015-04-25 14:45:00","6.75","NULL","NULL"
"68","60","7","20","6840","NULL","NULL","NULL","4.5","2015-04-25 08:00:00","2015-04-27 09:00:00","13.5","NULL","NULL"
"69","60","4","20","6840","NULL","NULL","NULL","0","2015-04-25 08:00:00","2015-04-27 09:30:00","9.5","NULL","NULL"
"70","60","3","20","6840","NULL","NULL","NULL","0","2015-04-25 08:00:00","2015-04-25 16:15:00","8.25","NULL","NULL"
"71","60","6","20","6840","NULL","NULL","NULL","0","2015-04-25 08:00:00","2015-04-25 14:30:00","6.5","NULL","NULL"
"72","60","8","20","6840","NULL","NULL","NULL","0","2015-04-25 08:00:00","2015-04-25 13:30:00","5.5","NULL","NULL"
"73","61","7","20","5960","NULL","NULL","NULL","1","2015-04-27 12:00:00","2015-04-28 15:00:00","12","NULL","NULL"
"74","61","9","20","5500","NULL","NULL","NULL","1","2015-04-27 12:00:00","2015-04-28 16:45:00","13.75","NULL","NULL"
"75","61","8","20","5500","NULL","NULL","NULL","2","2015-04-27 12:00:00","2015-04-28 16:00:00","14","NULL","NULL"
"76","61","4","20","5500","NULL","NULL","NULL","1","2015-04-27 12:00:00","2015-04-28 12:00:00","9","NULL","NULL"
"77","61","5","20","5500","NULL","NULL","NULL","1","2015-04-27 12:00:00","2015-04-28 09:30:00","6.75","NULL","NULL"
"78","61","10","10","5500","NULL","NULL","NULL","1","2015-04-27 12:00:00","2015-04-28 10:45:00","7.75","NULL","NULL"
"79","61","6","10","5500","NULL","NULL","NULL","0","2015-04-27 12:00:00","2015-04-28 11:30:00","7.5","NULL","NULL"
"80","61","3","10","5500","NULL","NULL","NULL","1","2015-04-27 12:00:00","2015-04-28 13:30:00","10.5","NULL","NULL"
"81","63","8","30","5600","NULL","NULL","NULL","1.5","2015-04-28 16:00:00","2015-04-29 09:00:00","2.75","NULL","NULL"
"82","63","5","40","5200","NULL","NULL","NULL","0","2015-04-28 09:30:00","2015-04-29 11:00:00","9.5","NULL","NULL"
"83","63","7","40","5200","NULL","NULL","NULL","0.5","2015-04-28 15:00:00","2015-04-29 09:30:00","3.25","NULL","NULL"
"84","63","3","30","5200","NULL","NULL","NULL","1","2015-04-28 13:30:00","2015-04-29 10:30:00","6","NULL","NULL"
"85","63","9","30","5200","NULL","NULL","NULL","1","2015-04-28 16:45:00","2015-04-29 17:00:00","9.5","NULL","NULL"
"86","63","10","30","5200","NULL","NULL","NULL","0.5","2015-04-28 11:00:00","2015-04-29 17:00:00","14.5","NULL","NULL"
"87","64","4","40","6840","NULL","NULL","NULL","0","2015-04-29 08:00:00","2015-04-29 17:00:00","9","NULL","NULL"
"88","64","7","20","6840","NULL","NULL","NULL","0","2015-04-29 09:30:00","2015-04-29 17:00:00","7.5","NULL","NULL"
"89","64","3","20","6840","NULL","NULL","NULL","0","2015-04-29 10:30:00","2015-04-29 16:30:00","6","NULL","NULL"
"90","64","6","20","6840","NULL","NULL","NULL","0","2015-04-29 10:00:00","2015-04-29 17:00:00","7.25","NULL","NULL"
"91","64","5","10","6840","NULL","NULL","NULL","0","2015-04-29 11:00:00","2015-04-29 16:45:00","5.75","NULL","NULL"
"92","64","8","10","6840","NULL","NULL","NULL","0","2015-04-29 09:00:00","2015-04-29 15:30:00","6.75","NULL","NULL"
"93","62","4","40","10260","NULL","NULL","NULL","0.5","2015-04-28 12:00:00","2015-04-28 17:00:00","5.75","NULL","NULL"
"94","62","6","20","10260","NULL","NULL","NULL","0.5","2015-04-28 14:30:00","2015-04-29 10:00:00","4","NULL","NULL"
"95","65","7","30","4158","NULL","NULL","NULL","0.5","2015-04-30 09:30:00","2015-04-30 17:00:00","8","NULL","NULL"
"96","65","9","30","4156","NULL","NULL","NULL","0","2015-04-30 09:45:00","2015-04-30 17:00:00","7.5","NULL","NULL"
"97","65","8","25","4156","NULL","NULL","NULL","0","2015-04-30 09:45:00","2015-04-30 15:15:00","5.5","NULL","NULL"
"98","65","10","25","4156","NULL","NULL","NULL","1","2015-04-30 10:00:00","2015-04-30 17:00:00","8.25","NULL","NULL"
"99","65","3","25","4156","NULL","NULL","NULL","0","2015-04-30 10:00:00","2015-04-30 15:15:00","5.25","NULL","NULL"
"100","65","5","25","4156","NULL","NULL","NULL","0","2015-04-30 10:00:00","2015-04-30 15:15:00","5.25","NULL","NULL"
"101","65","6","25","4156","NULL","NULL","NULL","0","2015-04-30 10:00:00","2015-04-30 17:00:00","7.25","NULL","NULL"
"102","65","4","25","4156","NULL","NULL","NULL","0.5","2015-04-30 10:20:00","2015-04-30 17:00:00","7.25","NULL","NULL"
"103","66","3","20","3030","NULL","NULL","NULL","0.5","2015-05-04 08:00:00","2015-05-04 11:25:00","4","NULL","NULL"
"104","66","5","20","2960","NULL","NULL","NULL","0.5","2015-05-04 12:00:00","2015-05-04 17:00:00","5.75","NULL","NULL"
"105","66","8","20","2960","NULL","NULL","NULL","0.5","2015-05-04 08:00:00","2015-05-04 10:05:00","2.75","NULL","NULL"
"106","66","10","20","2960","NULL","NULL","NULL","0","2015-05-04 08:00:00","2015-05-04 13:25:00","5.5","NULL","NULL"
"107","66","9","20","2960","NULL","NULL","NULL","1.25","2015-05-04 08:00:00","2015-05-04 10:35:00","4","NULL","NULL"
"108","66","7","20","2960","NULL","NULL","NULL","0.75","2015-05-04 08:00:00","2015-05-04 15:45:00","8.5","NULL","NULL"
"109","66","4","15","2960","NULL","NULL","NULL","0.5","2015-05-04 08:00:00","2015-05-04 16:52:00","9.5","NULL","NULL"
"110","66","6","15","2960","NULL","NULL","NULL","0","2015-05-04 08:00:00","2015-05-04 14:50:00","7","NULL","NULL"
"111","67","5","65","22230","NULL","NULL","NULL","1.25","2015-05-04 08:00:00","2015-05-05 09:35:00","11","NULL","NULL"
"112","67","6","65","22230","NULL","NULL","NULL","1.5","2015-05-04 14:55:00","2015-05-05 17:00:00","11.75","NULL","NULL"
"113","68","9","60","20520","NULL","NULL","NULL","1.5","2015-05-04 12:00:00","2015-05-06 14:45:00","20.5","NULL","NULL"
"114","68","7","60","20520","NULL","NULL","NULL","1.5","2015-05-04 15:45:00","2015-05-06 15:15:00","17","NULL","NULL"
"115","70","3","60","9500","NULL","NULL","NULL","2","2015-05-04 12:00:00","2015-05-06 17:00:00","23.25","NULL","NULL"
"116","70","4","60","9500","NULL","NULL","NULL","1","2015-05-04 17:00:00","2015-05-06 16:13:00","16.25","NULL","NULL"
"117","70","5","60","9500","NULL","NULL","NULL","0.5","2015-05-05 09:40:00","2015-05-06 16:50:00","15.75","NULL","NULL"
"118","70","6","60","9500","NULL","NULL","NULL","0","2015-05-06 10:30:00","2015-05-06 13:57:00","3.5","NULL","NULL"
"119","69","8","60","20520","NULL","NULL","NULL","2","2015-05-04 10:30:00","2015-05-06 13:57:00","21.5","NULL","NULL"
"120","69","10","60","20520","NULL","NULL","NULL","1.5","2015-05-04 13:30:00","2015-05-06 01:55:00","6","NULL","NULL"
"121","71","7","9","2940","NULL","NULL","NULL","0","2015-05-08 16:45:00","2015-05-09 10:15:00","1.75","NULL","NULL"
"122","71","9","9","2930","NULL","NULL","NULL","0","2015-05-08 16:50:00","2015-05-09 10:30:00","1.75","NULL","NULL"
"123","71","4","9","2930","NULL","NULL","NULL","0","2015-05-08 16:50:00","2015-05-09 10:00:00","1.25","NULL","NULL"
"124","71","5","9","2930","NULL","NULL","NULL","0","2015-05-09 08:00:00","2015-05-09 09:50:00","2","NULL","NULL"
"125","71","3","8","2930","NULL","NULL","NULL","0","2015-05-09 08:00:00","2015-05-09 10:30:00","2.5","NULL","NULL"
"126","71","8","8","2930","NULL","NULL","NULL","0","2015-05-09 08:00:00","2015-05-09 11:15:00","3.25","NULL","NULL"
"127","71","6","8","2930","NULL","NULL","NULL","0","2015-05-09 08:10:00","2015-05-09 09:10:00","1","NULL","NULL"
"128","72","7","19","6360","NULL","NULL","NULL","0","2015-05-11 12:30:00","2015-05-12 09:00:00","4.5","NULL","NULL"
"129","72","4","19","6350","NULL","NULL","NULL","0","2015-05-11 12:30:00","2015-05-12 10:00:00","5.5","NULL","NULL"
"130","72","5","19","6350","NULL","NULL","NULL","0","2015-05-11 12:45:00","2015-05-12 10:00:00","5.25","NULL","NULL"
"131","72","8","19","6350","NULL","NULL","NULL","0","2015-05-11 12:30:00","2015-05-12 10:30:00","6","NULL","NULL"
"132","72","6","18","6350","NULL","NULL","NULL","0","2015-05-11 13:00:00","2015-05-11 17:00:00","4.25","NULL","NULL"
"133","72","9","18","6350","NULL","NULL","NULL","0","2015-05-11 12:30:00","2015-05-12 11:00:00","6.5","NULL","NULL"
"134","72","3","18","6350","NULL","NULL","NULL","0","2015-05-11 12:30:00","2015-05-12 15:00:00","10.5","NULL","NULL"
"135","73","5","10","3420","NULL","NULL","NULL","0","2015-05-18 08:30:00","2015-05-18 10:45:00","2.25","NULL","NULL"
"136","73","10","10","3420","NULL","NULL","NULL","0","2015-05-18 08:30:00","2015-05-18 10:25:00","2","NULL","NULL"
"137","73","6","10","3420","NULL","NULL","NULL","0","2015-05-18 08:30:00","2015-05-18 10:55:00","2.5","NULL","NULL"
"138","73","9","10","3420","NULL","NULL","NULL","0","2015-05-18 08:30:00","2015-05-18 11:38:00","3.25","NULL","NULL"
"139","73","4","10","3420","NULL","NULL","NULL","0","2015-05-18 08:30:00","2015-05-18 11:10:00","2.75","NULL","NULL"
"140","73","7","10","3420","NULL","NULL","NULL","0","2015-05-18 08:30:00","2015-05-18 12:17:00","4","NULL","NULL"
"141","74","4","23","1714","NULL","NULL","NULL","0","2015-05-18 13:00:00","2015-05-18 15:53:00","3","NULL","NULL"
"142","74","6","23","1714","NULL","NULL","NULL","0","2015-05-18 13:00:00","2015-05-18 16:47:00","4","NULL","NULL"
"143","74","10","23","1714","NULL","NULL","NULL","0","2015-05-18 13:00:00","2015-05-18 17:00:00","4.25","NULL","NULL"
"144","74","7","23","1714","NULL","NULL","NULL","0","2015-05-18 13:00:00","2015-05-18 17:00:00","4.25","NULL","NULL"
"145","74","9","23","1714","NULL","NULL","NULL","0.5","2015-05-18 13:00:00","2015-05-18 17:00:00","4.75","NULL","NULL"
"146","74","5","23","1714","NULL","NULL","NULL","0","2015-05-18 13:00:00","2015-05-18 16:40:00","3.75","NULL","NULL"
"147","74","3","23","1714","NULL","NULL","NULL","0","2015-05-18 13:00:00","2015-05-18 17:00:00","4.25","NULL","NULL"
"148","75","4","17","5863","NULL","NULL","NULL","0","2015-05-19 08:00:00","2015-05-19 15:35:00","7.75","NULL","NULL"
"149","75","6","17","5863","NULL","NULL","NULL","0","2015-05-19 08:00:00","2015-05-19 14:58:00","7","NULL","NULL"
"150","75","7","17","5863","NULL","NULL","NULL","0","2015-05-19 08:00:00","2015-05-19 17:00:00","9","NULL","NULL"
"151","75","5","17","5863","NULL","NULL","NULL","0","2015-05-19 08:00:00","2015-05-19 17:00:00","9","NULL","NULL"
"152","75","3","17","5863","NULL","NULL","NULL","0","2015-05-19 08:00:00","2015-05-20 14:30:00","14.5","NULL","NULL"
"153","75","9","17","5863","NULL","NULL","NULL","0","2015-05-19 08:00:00","2015-05-21 16:00:00","24","NULL","NULL"
"154","75","8","17","5863","NULL","NULL","NULL","0","2015-05-21 10:10:00","2015-05-21 13:00:00","3","NULL","NULL"
"155","76","6","40","13680","NULL","NULL","NULL","0","2015-05-19 15:00:00","2015-05-20 15:25:00","8.5","NULL","NULL"
"156","76","10","40","13680","NULL","NULL","NULL","0","2015-05-19 08:00:00","2015-05-21 09:30:00","17.5","NULL","NULL"
"157","76","3","40","13680","NULL","NULL","NULL","0","2015-05-20 14:40:00","2015-05-21 10:34:00","4","NULL","NULL"
"158","77","8","30","10260","NULL","NULL","NULL","0","2015-05-19 12:00:00","2015-05-20 11:27:00","7.5","NULL","NULL"
"159","77","4","30","10260","NULL","NULL","NULL","0","2015-05-19 15:35:00","2015-05-20 16:00:00","8.5","NULL","NULL"
"160","77","5","30","10260","NULL","NULL","NULL","0","2015-05-20 08:00:00","2015-05-20 17:00:00","9","NULL","NULL"
"161","77","7","30","10260","NULL","NULL","NULL","0","2015-05-20 08:00:00","2015-05-21 13:00:00","13","NULL","NULL"
"162","78","4","15","5130","NULL","NULL","NULL","0","2015-05-22 08:00:00","2015-05-22 13:17:00","5.5","NULL","NULL"
"163","78","9","15","5130","NULL","NULL","NULL","0","2015-05-22 08:00:00","2015-05-22 14:00:00","6","NULL","NULL"
"164","78","7","15","5130","NULL","NULL","NULL","0","2015-05-22 08:00:00","2015-05-22 11:45:00","3.75","NULL","NULL"
"165","78","8","15","5130","NULL","NULL","NULL","0","2015-05-22 08:00:00","2015-05-22 12:04:00","4.25","NULL","NULL"
"166","78","10","15","5130","NULL","NULL","NULL","0","2015-05-22 08:00:00","2015-05-22 12:25:00","4.5","NULL","NULL"
"167","78","5","15","5130","NULL","NULL","NULL","0","2015-05-22 08:00:00","2015-05-22 13:38:00","5.75","NULL","NULL"
"168","78","3","15","5130","NULL","NULL","NULL","0","2015-05-22 08:00:00","2015-05-22 14:52:00","7","NULL","NULL"
"169","78","6","15","5130","NULL","NULL","NULL","0","2015-05-22 08:00:00","2015-05-22 15:15:00","7.25","NULL","NULL"
"170","79","7","15","5130","NULL","NULL","NULL","0","2015-05-22 13:50:00","2015-05-22 17:00:00","3.25","NULL","NULL"
"171","79","10","15","5130","NULL","NULL","NULL","0","2015-05-22 12:30:00","2015-05-22 17:00:00","4.5","NULL","NULL"
"172","79","6","15","5130","NULL","NULL","NULL","0","2015-05-22 15:20:00","2015-05-22 17:00:00","1.75","NULL","NULL"
"173","79","4","15","5130","NULL","NULL","NULL","0","2015-05-22 13:20:00","2015-05-22 17:00:00","3.75","NULL","NULL"
"174","79","3","15","5130","NULL","NULL","NULL","0","2015-05-22 14:55:00","2015-05-22 17:00:00","2.25","NULL","NULL"
"175","79","5","15","5130","NULL","NULL","NULL","0","2015-05-22 13:40:00","2015-05-22 17:00:00","3.5","NULL","NULL"
"176","79","9","15","5130","NULL","NULL","NULL","0","2015-05-22 14:00:00","2015-05-22 17:00:00","3","NULL","NULL"
"177","79","8","15","5130","NULL","NULL","NULL","0","2015-05-22 14:25:00","2015-05-22 17:00:00","2.75","NULL","NULL"
"178","80","4","20","3166","NULL","NULL","NULL","0","2015-05-25 10:00:00","2015-05-25 12:12:00","5","NULL","NULL"
"179","80","6","20","3166","NULL","NULL","NULL","0","2015-05-25 10:00:00","2015-05-25 14:20:00","8","NULL","NULL"
"180","80","5","20","3166","NULL","NULL","NULL","0","2015-05-25 10:00:00","2015-05-25 13:42:00","7.25","NULL","NULL"
"181","80","7","20","3166","NULL","NULL","NULL","0","2015-05-25 10:00:00","2015-05-25 13:04:00","7.25","NULL","NULL"
"182","80","10","20","1588","NULL","NULL","NULL","0","2015-05-25 10:00:00","2015-05-25 14:35:00","4.75","NULL","NULL"
"183","80","8","20","3166","NULL","NULL","NULL","0","2015-05-25 10:00:00","2015-05-25 12:20:00","7","NULL","NULL"
"184","80","9","20","3166","NULL","NULL","NULL","0","2015-05-25 10:00:00","2015-05-25 13:12:00","6.75","NULL","NULL"
"185","80","3","20","3166","NULL","NULL","NULL","0","2015-05-25 10:00:00","2015-05-25 12:51:00","7.25","NULL","NULL"
"186","81","4","19","6413","NULL","NULL","NULL","0","2015-05-26 12:00:00","2015-05-26 17:00:00","5.25","NULL","NULL"
"187","81","7","19","6413","NULL","NULL","NULL","0","2015-05-26 12:00:00","2015-05-26 17:00:00","5.25","NULL","NULL"
"188","81","8","19","6413","NULL","NULL","NULL","0","2015-05-26 12:00:00","2015-05-26 17:00:00","5.25","NULL","NULL"
"189","81","9","19","6413","NULL","NULL","NULL","0","2015-05-26 12:00:00","2015-05-26 17:00:00","5.25","NULL","NULL"
"190","81","5","19","6413","NULL","NULL","NULL","0","2015-05-26 12:00:00","2015-05-26 17:00:00","5.25","NULL","NULL"
"191","81","6","19","6413","NULL","NULL","NULL","0","2015-05-26 12:00:00","2015-05-26 16:15:00","4.5","NULL","NULL"
"192","81","10","19","6413","NULL","NULL","NULL","0","2015-05-26 12:00:00","2015-05-27 10:50:00","7","NULL","NULL"
"193","81","3","19","6413","NULL","NULL","NULL","0","2015-05-26 12:00:00","2015-05-27 09:50:00","6","NULL","NULL"
"194","82","8","10","3420","NULL","NULL","NULL","0","2015-05-27 08:00:00","2015-05-27 11:40:00","3.75","NULL","NULL"
"195","82","6","10","3420","NULL","NULL","NULL","0","2015-05-27 08:00:00","2015-05-27 16:21:00","8.5","NULL","NULL"
"196","82","5","10","3420","NULL","NULL","NULL","0","2015-05-27 08:00:00","2015-05-27 16:45:00","8.75","NULL","NULL"
"197","82","4","10","3420","NULL","NULL","NULL","0","2015-05-27 08:00:00","2015-05-27 16:53:00","9","NULL","NULL"
"198","82","7","10","3420","NULL","NULL","NULL","0","2015-05-27 08:00:00","2015-05-27 16:17:00","8.5","NULL","NULL"
"199","82","3","10","3420","NULL","NULL","NULL","0","2015-05-27 08:00:00","2015-05-27 16:18:00","8.5","NULL","NULL"
"200","83","5","21","7329","NULL","NULL","NULL","0","2015-05-28 08:00:00","2015-05-28 16:54:00","9","NULL","NULL"
"201","83","8","21","7329","NULL","NULL","NULL","0","2015-05-28 08:00:00","2015-05-28 15:45:00","7.75","NULL","NULL"
"202","83","4","21","7329","NULL","NULL","NULL","0","2015-05-28 08:00:00","2015-05-28 17:00:00","9","NULL","NULL"
"203","83","6","21","7329","NULL","NULL","NULL","0","2015-05-28 08:00:00","2015-05-28 16:10:00","8.25","NULL","NULL"
"204","83","10","21","7329","NULL","NULL","NULL","0","2015-05-28 08:00:00","2015-05-29 17:00:00","17","NULL","NULL"
"205","83","9","21","7329","NULL","NULL","NULL","0","2015-05-28 08:00:00","2015-05-29 15:00:00","15","NULL","NULL"
"206","83","7","21","7329","NULL","NULL","NULL","0","2015-05-28 08:00:00","2015-05-29 11:20:00","11.5","NULL","NULL"
"207","84","8","20","6840","NULL","NULL","NULL","0","2015-05-29 08:00:00","2015-05-29 13:15:00","5.25","NULL","NULL"
"208","84","4","20","6840","NULL","NULL","NULL","0","2015-05-29 08:00:00","2015-05-29 13:13:00","5.25","NULL","NULL"
"209","84","5","20","6840","NULL","NULL","NULL","0","2015-05-29 08:00:00","2015-05-29 14:16:00","6.5","NULL","NULL"
"210","85","4","50","0","NULL","NULL","NULL","0","2015-05-30 08:00:00","2015-06-01 11:30:00","4.5","NULL","NULL"
"211","85","8","40","6333","NULL","NULL","NULL","0","2015-05-30 08:00:00","2015-05-30 17:00:00","9","NULL","NULL"
"212","85","10","35","5542","NULL","NULL","NULL","0","2015-05-30 08:00:00","2015-06-02 09:30:00","10.5","NULL","NULL"
"213","85","6","40","6333","NULL","NULL","NULL","0","2015-05-30 08:00:00","2015-06-01 10:45:00","3.75","NULL","NULL"
"214","85","9","35","5542","NULL","NULL","NULL","0","2015-05-30 08:00:00","2015-06-02 10:00:00","11","NULL","NULL"
"215","85","5","40","6333","NULL","NULL","NULL","0","2015-05-30 08:00:00","2015-06-01 17:00:00","10","NULL","NULL"
"216","86","4","25","8550","NULL","NULL","01-25-20-29","0","2015-06-04 08:00:00","2015-06-04 15:15:00","7.25","NULL","NULL"
"217","86","6","15","5130","NULL","NULL","NULL","0","2015-06-04 08:00:00","2015-06-04 13:00:00","5","NULL","NULL"
"218","86","3","15","5130","NULL","NULL","NULL","0","2015-06-04 08:00:00","2015-06-04 11:15:00","3.25","NULL","NULL"
"219","86","9","15","5130","NULL","NULL","NULL","0","2015-06-04 08:00:00","2015-06-04 16:45:00","8.75","NULL","NULL"
"220","86","7","15","5130","NULL","NULL","NULL","0","2015-06-04 08:00:00","2015-06-04 13:30:00","5.5","NULL","NULL"
"221","86","5","15","5130","NULL","NULL","NULL","0","2015-06-04 08:00:00","2015-06-04 15:15:00","7.25","NULL","NULL"
"222","86","8","15","5130","NULL","NULL","NULL","0","2015-06-04 08:00:00","2015-06-04 13:30:00","5.5","NULL","NULL"
"223","87","3","25","8550","NULL","NULL","01-25-17-22","0","2015-06-04 12:00:00","2015-06-05 10:15:00","7.25","NULL","NULL"
"224","87","7","15","5130","NULL","01-25-17-22","01-40-33-14","0","2015-06-04 13:30:00","2015-06-05 13:45:00","8.25","NULL","NULL"
"225","87","6","15","5130","NULL","01-40-33-14","01-55-42-22","0","2015-06-04 11:30:00","2015-06-04 17:00:00","5.5","NULL","NULL"
"226","87","8","16","5472","NULL","01-55-42-22","02-11-55-00","0","2015-06-04 13:30:00","2015-06-04 17:00:00","3.5","NULL","NULL"
"227","87","5","18","6156","NULL","02-11-55-00","02-30-00-00","0","2015-06-04 15:30:00","2015-06-05 10:30:00","4","NULL","NULL"
"228","87","4","15","5130","NULL","02-30-00-00","02-45-10-07","0","2015-06-04 16:00:00","2016-06-05 09:15:00","2.25","NULL","NULL"
"229","87","9","15","5130","NULL","02-45-10-07","02-59-39-10","0","2015-06-04 16:30:00","2015-06-05 14:30:00","7","NULL","NULL"
"230","88","6","25","8550","NULL","NULL","01-27-43-08","0","2015-06-05 08:00:00","2015-06-05 15:30:00","7.5","NULL","NULL"
"231","88","7","10","3420","NULL","01-27-43-08","01-34-14-14","0","2015-06-05 13:45:00","2015-06-05 16:00:00","2.25","NULL","NULL"
"232","88","8","25","8550","NULL","01-34-14-14","01-59-30-00","0","2015-06-05 08:00:00","2015-06-05 17:00:00","9","NULL","NULL"
"233","88","9","10","3420","NULL","01-59-30-00","02-09-00-00","0","2015-06-05 14:30:00","2015-06-06 12:00:00","6.5","NULL","NULL"
"234","88","4","15","5130","NULL","02-09-00-00","02-25-03-28","0","2015-06-05 09:30:00","2015-06-05 17:00:00","7.5","NULL","NULL"
"235","88","3","15","5130","NULL","02-25-03-28","02-41-27-17","0","2015-06-05 10:30:00","2015-06-06 14:45:00","12.25","NULL","NULL"
"236","88","5","20","6840","NULL","02-41-27-17","last","0","2015-06-05 10:45:00","2015-06-06 12:45:00","10","NULL","NULL"
"237","89","10","20","6840","NULL","NULL","NULL","0","2015-06-06 08:00:00","2015-06-06 16:00:00","8","NULL","NULL"
"238","89","8","20","8550","NULL","NULL","NULL","0","2015-06-06 08:30:00","2015-06-06 16:00:00","7.5","NULL","NULL"
"239","89","7","20","6840","NULL","NULL","NULL","1","2015-06-06 08:30:00","2015-06-06 17:00:00","9.5","NULL","NULL"
"240","89","6","10","3420","NULL","NULL","NULL","0","2015-06-06 15:00:00","2015-06-06 17:00:00","2","NULL","NULL"
"241","89","4","20","6840","NULL","NULL","NULL","0.5","2015-06-06 08:30:00","2015-06-06 17:00:00","9","NULL","NULL"
"242","89","5","15","3420","NULL","NULL","NULL","1","2015-06-06 12:45:00","2015-06-06 17:00:00","5.25","NULL","NULL"
"243","89","9","10","3420","NULL","NULL","NULL","3.5","2015-06-06 12:00:00","2015-06-06 17:00:00","8.5","NULL","NULL"
"244","89","3","5","1710","NULL","NULL","NULL","1","2015-06-06 15:00:00","2015-06-06 17:00:00","3","NULL","NULL"
"245","92","9","115","18367","NULL","NULL","02-55-00-00","0","2015-06-09 16:45:00","2015-06-11 11:00:00","3.25","NULL","NULL"
"246","92","10","45","6967","NULL","02-55-00-00","03-39-25-00","0","2015-06-10 09:30:00","2015-06-10 17:00:00","7.5","NULL","NULL"
"247","92","8","50","7917","NULL","03-39-25-00","last","0","2015-06-10 12:30:00","2015-06-11 09:30:00","6","NULL","NULL"
"248","90","3","20","3167","NULL","start","01-50-00-00","0","2015-06-09 08:00:00","2015-06-11 10:45:00","19.75","NULL","NULL"
"249","90","10","20","3167","NULL","01-50-00-00","02-20-00-00","0","2015-06-09 08:00:00","2015-06-10 09:30:00","9.5","NULL","NULL"
"250","90","8","20","3167","NULL","02-20-00-00","02-45-00-00","0","2015-06-10 08:00:00","2015-06-10 11:00:00","3","NULL","NULL"
"251","90","5","20","3167","NULL","02-45-00-00","03-04-00-00","0.5","2015-06-09 08:00:00","2015-06-09 13:00:00","5.5","NULL","NULL"
"252","90","6","20","3167","NULL","03-04-00-00","03-14-00-00","0","2015-06-09 08:00:00","2015-06-10 13:30:00","13.5","NULL","NULL"
"253","90","4","20","3167","NULL","03-14-00-00","03-19-00-00","0","2015-06-09 08:00:00","2015-06-09 13:00:00","5","NULL","NULL"
"254","90","7","20","3167","NULL","03-19-00-00","03-27-27-00","0","2015-06-09 08:00:00","2015-06-10 10:30:00","10.5","NULL","NULL"
"255","90","9","10","1583","NULL","03-27-27-00","last","0.5","2015-06-09 08:00:00","2015-06-09 16:45:00","9.25","NULL","NULL"
"256","91","5","40","13680","NULL","NULL","01-39-54-27","0","2015-06-09 14:00:00","2015-06-10 12:00:00","7","NULL","NULL"
"257","91","4","62","21204","NULL","01-39-54-27","02-42-20-00","0","2015-06-09 14:00:00","2015-06-10 16:15:00","10.25","NULL","NULL"
"258","91","7","16","5472","NULL","02-42-20-00","Last","0","2015-06-10 12:00:00","2015-06-10 16:30:00","4.5","NULL","NULL"
"259","93","5","80","12667","NULL","start","02-20-07-15","0","2015-06-10 13:45:00","2015-06-12 15:45:00","11","NULL","NULL"
"260","93","6","80","12667","NULL","02-20-07-15","03-40-00-00","0","2015-06-10 14:15:00","2015-06-12 16:15:00","11","NULL","NULL"
"261","93","3","80","12667","NULL","03-40-00-00","Last","0","2015-06-11 10:45:00","2015-06-16 13:30:00","27.75","NULL","NULL"
"262","94","4","40","13680","NULL","NULL","02-02-05-00","0","2015-06-11 08:00:00","2015-06-15 11:00:00","20","NULL","NULL"
"263","94","10","40","13680","NULL","02-02-05-00","02-40-21-22","2","2015-06-11 08:00:00","2015-06-15 17:00:00","28","NULL","NULL"
"264","94","7","40","13680","NULL","02-40-21-22","Last","0","2015-06-11 08:00:00","2015-06-15 14:30:00","23.5","NULL","NULL"
"265","95","8","80","27360","NULL","NULL","02-19-43-00","0","2015-06-11 09:30:00","2015-06-15 12:00:00","19.5","NULL","NULL"
"266","95","9","40","13680","NULL","02-19-43-00","Last","2.5","2015-06-11 12:00:00","2015-06-15 17:00:00","24.5","NULL","NULL"
"267","96","6","120","41040","NULL","NULL","Last","0","2015-06-15 08:00:00","2015-06-16 15:30:00","15.5","NULL","NULL"
"268","97","5","100","41040","NULL","NULL","07-47-42-10","0","2015-06-15 08:00:00","2015-06-17 10:30:00","11.5","NULL","NULL"
"269","97","3","20","6840","NULL","07-47-42-10","Last","0","2015-06-16 14:00:00","2015-06-17 10:45:00","5.75","NULL","NULL"
"270","98","8","70","23940","NULL","NULL","02-31-04-16","0","2015-06-15 12:30:00","2015-06-16 15:45:00","11.25","NULL","NULL"
"271","98","7","50","17100","NULL","02-31-04-16","Last","0","2015-06-15 14:45:00","2015-06-16 17:00:00","10.25","NULL","NULL"
"272","99","4","120","41040","NULL","NULL","Last","0","2015-06-15 12:00:00","2015-06-17 14:15:00","11.25","NULL","NULL"
"273","100","10","40","13680","NULL","NULL","02-24-17-00","1","2015-06-16 08:00:00","2015-06-17 17:00:00","18","NULL","NULL"
"274","100","3","30","10260","NULL","02-24-17-00","02-40-05-10","1.5","2015-06-17 11:00:00","2015-06-17 17:00:00","7.5","NULL","NULL"
"275","100","6","50","17100","NULL","02-40-05-10","Last","0","2015-06-17 08:15:00","2015-06-17 12:45:00","4.5","NULL","NULL"
"276","101","9","40","13680","NULL","NULL","02-13-20-00","0","2015-06-16 08:00:00","2015-06-17 12:00:00","12","NULL","NULL"
"277","101","7","40","13680","NULL","02-13-20-00","02-29-12-03","0","2015-06-17 08:30:00","2015-06-17 15:15:00","6.75","NULL","NULL"
"278","101","8","40","13680","NULL","02-29-12-03","Last","2","2015-06-17 08:00:00","2015-06-17 17:00:00","11","NULL","NULL"
"279","102","5","20","10260","NULL","NULL","01-32-49-25","2","2015-06-17 14:30:00","2015-06-17 17:00:00","4.5","NULL","NULL"
"280","102","7","15","5130","NULL","01-32-49-25","01-40-54-28","2","2015-06-17 15:30:00","2015-06-17 17:00:00","3.5","NULL","NULL"
"281","102","6","20","6840","NULL","01-40-54-28","02-02-56-22","2","2015-06-17 14:45:00","2015-06-17 17:00:00","4.25","NULL","NULL"
"282","102","4","20","6840","NULL","02-02-56-22","Last","2","2015-06-17 14:30:00","2015-06-17 17:00:00","4.5","NULL","NULL"
"283","103","5","40","7695","NULL","NULL","01-45-00-00","0","2015-06-22 08:00:00","2015-06-22 11:15:00","3.25","NULL","NULL"
"284","103","6","40","6840","NULL","01-45-00-00","02-25-00-00","0","2015-06-22 08:00:00","2015-06-22 11:00:00","3","NULL","NULL"
"285","103","8","40","6840","NULL","02-25-00-00","03-02-00-00","0","2015-06-22 08:00:00","2015-06-22 13:15:00","5.25","NULL","NULL"
"286","103","4","40","6840","NULL","03-02-00-00","03-42-00-00","0","2015-06-22 08:00:00","2015-06-22 13:30:00","5.5","NULL","NULL"
"287","103","7","20","3420","NULL","03-42-00-00","04-02-44-29","0","2015-06-22 08:00:00","2015-06-22 13:00:00","5","NULL","NULL"
"288","103","9","20","3420","NULL","04-02-44-29","04-19-00-00","0","2015-06-22 08:00:00","2015-06-22 11:30:00","3.5","NULL","NULL"
"289","103","3","40","6840","NULL","04-19-00-00","Last","0","2015-06-22 08:00:00","2015-06-22 14:45:00","6.75","NULL","NULL"
"290","104","6","68","23256","NULL","NULL","02-08-00-00","0","2015-06-22 12:00:00","2015-06-22 15:45:00","3.75","NULL","NULL"
"291","104","5","42","14364","NULL","02-08-00-00","02-50-00-00","0","2015-06-22 12:00:00","2015-06-22 16:30:00","4.5","NULL","NULL"
"292","104","9","30","10260","NULL","02-50-00-00","Last","0","2015-06-22 12:00:00","2015-06-23 17:00:00","13","NULL","NULL"
"293","105","4","58","19836","NULL","NULL","01-58-55-16","0","2015-06-22 13:30:00","2015-06-23 14:45:00","9.25","NULL","NULL"
"294","105","7","32","10944","NULL","01-58-55-16","02-29-29-00","0","2015-06-22 15:30:00","2015-06-23 16:00:00","8.5","NULL","NULL"
"295","105","3","30","10260","NULL","02-29-29-00","03-00-11-16","0","2015-06-22 15:00:00","2015-06-23 10:15:00","4.25","NULL","NULL"
"296","105","8","30","10260","NULL","03-00-11-16","Last","0","2015-06-22 13:45:00","2015-06-23 16:00:00","10.25","NULL","NULL"
"297","106","6","20","6840","NULL","NULL","01-19-55-11","0","2015-06-26 14:45:00","2015-06-26 17:00:00","2.25","NULL","NULL"
"298","106","5","15","6156","NULL","01-19-55-11","01-38-24-11","0","2015-06-26 14:45:00","2015-06-26 17:00:00","2.25","NULL","NULL"
"299","106","4","15","5130","NULL","01-38-24-11","01-52-37-29","0","2015-06-26 14:45:00","2015-06-29 12:45:00","7","NULL","NULL"
"300","106","7","15","5130","NULL","01-52-37-29","Last","0","2015-06-26 14:45:00","2015-06-29 13:15:00","7.5","NULL","NULL"
"301","107","7","18","6156","NULL","NULL","01-18-20-00","0","2015-06-29 15:00:00","2015-06-30 14:30:00","8.5","NULL","NULL"
"302","107","4","16","5472","NULL","01-18-20-00","01-34-42-08","0","2015-06-29 15:15:00","2015-06-30 14:00:00","7.75","NULL","NULL"
"303","107","9","15","5130","NULL","01-34-42-08","01-49-06-27","0","2015-06-29 11:15:00","2015-06-30 15:00:00","11.75","NULL","NULL"
"304","107","3","16","5472","NULL","01-49-06-27","02-05-39-02","0","2015-06-29 15:30:00","2015-06-30 13:30:00","7","NULL","NULL"
"305","107","8","15","5130","NULL","02-05-39-02","02-20-25-18","0","2015-06-29 15:45:00","2015-06-30 14:15:00","7.5","NULL","NULL"
"306","107","6","11","3420","NULL","02-20-25-18","02-30-00-00","0","2015-06-29 16:00:00","2015-06-30 10:15:00","3.25","NULL","NULL"
"307","107","5","12","4104","NULL","02-30-00-00","02-42-08-06","0","2015-06-29 16:00:00","2015-06-30 16:00:00","8","NULL","NULL"
"308","107","10","17","5814","NULL","02-42-08-06","Last","0","2015-06-29 16:00:00","2015-07-01 11:00:00","14","NULL","NULL"
"309","108","7","35","11970","NULL","NULL","01-35-32-14","0","2015-06-30 16:30:00","2015-07-02 13:15:00","14.5","NULL","NULL"
"310","108","8","41","14022","NULL","01-35-32-14","02-16-19-00","0","2015-06-30 16:30:00","2015-07-06 12:30:00","21","NULL","NULL"
"311","108","3","30","10260","NULL","02-16-19-00","02-45-35-13","0","2015-06-30 16:30:00","2015-07-02 13:00:00","13.5","NULL","NULL"
"312","108","9","34","11628","NULL","02-45-35-13","Last","0","2015-06-30 16:30:00","2015-07-06 13:00:00","21.5","NULL","NULL"
"313","109","5","54","18468","NULL","NULL","01-54-34-28","0","2015-07-01 08:00:00","2015-07-06 14:15:00","31.25","NULL","NULL"
"314","109","4","45","15390","NULL","01-54-34-28","02-39-00-00","0","2015-07-01 08:00:00","2015-07-02 17:00:00","17","NULL","NULL"
"315","109","6","41","14022","NULL","02-39-00-00","Last","0","2015-07-01 08:00:00","2015-07-06 13:15:00","30.25","NULL","NULL"
"316","110","10","70","23940","NULL","start","last","0","2015-07-01 11:00:00","2015-07-06 13:00:00","27","NULL","NULL"
"317","111","7","40","13680","NULL","Start","01-40-00-11","0","2015-07-02 14:15:00","2015-07-06 14:15:00","17","NULL","NULL"
"318","111","4","30","6840","NULL","01-40-00-11","02-00-00-00","0","2015-07-03 08:00:00","2015-07-06 13:30:00","14.5","NULL","NULL"
"319","111","3","40","17100","NULL","02-00-00-00","Last","0","2015-07-02 14:15:00","2015-07-06 16:30:00","19.25","NULL","NULL"
"320","112","10","25","8550","NULL","Start","01-40-07-19","0","2015-07-06 13:00:00","2015-07-07 12:00:00","8","NULL","NULL"
"321","112","8","25","8550","NULL","01-40-07-19","02-15-00-00","0","2015-07-06 14:00:00","2015-07-07 10:15:00","5.25","NULL","NULL"
"322","112","4","25","8550","NULL","02-15-00-00","02-44-00-00","0","2015-07-06 14:00:00","2015-07-07 14:00:00","8","NULL","NULL"
"323","112","6","25","8550","NULL","02-44-00-00","02-54-20-00","0","2015-07-06 14:15:00","2015-07-07 14:30:00","8.25","NULL","NULL"
"324","112","7","25","8550","NULL","02-54-20-00","03-09-20-00","0","2015-07-06 14:30:00","2015-07-07 17:00:00","10.5","NULL","NULL"
"325","112","5","25","8550","NULL","03-09-20-00","Last","0","2015-07-06 14:30:00","2015-07-07 17:00:00","10.5","NULL","NULL"
"326","113","8","40","13680","NULL","Start","01-40-00-00","0","2015-07-07 12:00:00","2015-07-08 16:15:00","12.25","NULL","NULL"
"327","113","3","40","13680","NULL","01-40-00-00","02-20-13-27","0","2015-07-07 12:00:00","2015-07-08 11:30:00","8.5","NULL","NULL"
"328","113","10","40","13680","NULL","02-20-13-27","Last","1","2015-07-07 12:00:00","2015-07-10 08:30:00","23.5","NULL","NULL"
"329","114","4","80","27360","NULL","Start","02-21-02-19","0","2015-07-08 08:15:00","2015-07-13 17:00:00","33.75","NULL","NULL"
"330","114","6","70","23940","NULL","02-21-02-19","Last","0","2015-07-08 08:00:00","2015-07-15 11:45:00","44.75","NULL","NULL"
"331","115","7","90","30780","NULL","Start","02-36-25-00","1.5","2015-07-08 08:00:00","2015-07-13 17:00:00","35.5","NULL","NULL"
"332","115","8","40","13680","NULL","02-36-25-00","Last","1.5","2015-07-08 16:30:00","2015-07-13 17:15:00","27.25","NULL","NULL"
"333","116","5","70","23940","NULL","Start","02-13-00-00","0","2015-07-08 08:00:00","2015-07-13 17:00:00","34","NULL","NULL"
"334","116","3","50","17100","NULL","02-13-00-00","Last","0","2015-07-08 12:00:00","2015-07-13 16:15:00","29.25","NULL","NULL"
"335","117","10","50","7750","NULL","Start","02-52-30-00","0","2015-07-17 08:00:00","2015-07-22 15:45:00","32.75","NULL","NULL"
"336","117","5","40","4650","NULL","02-52-30-00","03-04-53-00","0","2015-07-17 08:00:00","2015-07-22 17:00:00","34","NULL","NULL"
"337","117","4","30","4650","NULL","03-04-53-00","03-20-26-00","0","2015-07-17 14:00:00","2015-07-22 15:45:00","26.75","NULL","NULL"
"338","117","2","30","4650","NULL","03-20-26-00","Last","0","2015-07-22 08:00:00","2015-07-22 17:00:00","9","NULL","NULL"
"339","118","2","95","32489","NULL","Start","02-36-13-00","0","2015-07-13 08:30:00","2015-07-15 15:15:00","23.75","NULL","NULL"
"340","118","3","30","10260","NULL","02-36-13-00","Last","0","2015-07-14 08:00:00","2015-07-16 15:00:00","24","NULL","NULL"
"341","119","8","80","27360","NULL","Start","02-22-36-00","0","2015-07-14 08:00:00","2015-07-16 16:00:00","25","NULL","NULL"
"342","119","7","16","5472","NULL","02-22-36-00","02-35-13-09","0","2015-07-16 12:45:00","2015-07-16 17:00:00","4.25","NULL","NULL"
"343","119","6","54","18468","NULL","02-35-13-09","Last","0","2015-07-15 12:00:00","2015-07-16 17:00:00","13","NULL","NULL"
"344","120","5","60","20520","NULL","Start","02-00-00-09","0","2015-07-14 08:00:00","2015-07-15 17:00:00","17","NULL","NULL"
"345","120","7","50","17100","NULL","02-00-00-09","02-50-30-00","0","2015-07-14 08:00:00","2015-07-16 12:30:00","21.5","NULL","NULL"
"346","120","4","40","13680","NULL","02-50-30-00","Last","0","2015-07-14 08:00:00","2015-07-15 12:00:00","12","NULL","NULL"
"347","121","4","90","41040","NULL","Start","Last","0","2015-07-15 12:00:00","2015-07-17 14:30:00","11.5","NULL","NULL"
"348","121","5","16","5472","NULL","NULL","NULL","0","2015-07-16 08:00:00","2015-07-17 16:30:00","16.5","NULL","NULL"
"349","121","8","14","4788","NULL","NULL","NULL","0","2015-07-16 16:00:00","2015-07-17 16:30:00","8.5","NULL","NULL"
"350","122","2","70","23940","NULL","Start","Last","0","2015-07-16 08:00:00","2015-07-17 10:15:00","10.25","NULL","NULL"
"351","123","6","120","19000","NULL","start","03-00-10-00","0","2015-07-17 09:00:00","2015-07-20 14:45:00","14.75","NULL","NULL"
"352","123","2","120","19000","NULL","03-00-10-00","Last","0","2015-07-17 12:00:00","2015-07-20 14:00:00","11","NULL","NULL"
"353","124","4","120","41040","NULL","Start","Last","0","2015-07-20 08:00:00","2015-07-21 11:30:00","11.5","NULL","NULL"
"354","125","5","120","41040","NULL","Start","Last","0","2015-07-20 08:00:00","2015-07-21 12:30:00","12.5","NULL","NULL"
"355","126","6","120","41040","NULL","Start","Last","0","2015-07-20 15:00:00","2015-07-22 17:00:00","19","NULL","NULL"
"356","127","7","120","41040","NULL","Start","Last","0","2015-07-20 08:00:00","2015-07-23 15:30:00","32.5","NULL","NULL"
"357","128","8","120","41040","NULL","Start","Last","0","2015-07-20 08:00:00","2015-07-22 13:45:00","22.75","NULL","NULL"
"358","129","3","120","41040","NULL","Start","Last","0","2015-07-20 08:00:00","2015-07-22 14:15:00","23.25","NULL","NULL"
"359","130","4","60","9500","NULL","Stat","02-04-00-00","0","2015-07-22 16:00:00","2015-07-24 16:30:00","18.5","NULL","NULL"
"360","130","10","50","7917","NULL","02-04-00-00","03-00-00-00","0","2015-07-22 16:00:00","2015-07-24 14:00:00","15","NULL","NULL"
"361","130","6","40","6333","NULL","03-00-00-00","03-35-44-00","0","2015-07-23 08:00:00","2015-07-24 11:00:00","11","NULL","NULL"
"362","130","7","30","4750","NULL","03-35-44-00","Last","0","2015-07-23 15:45:00","2015-07-24 15:30:00","9","NULL","NULL"
"363","131","2","60","9500","NULL","Start","02-00-00-00","0","2015-07-22 08:00:00","2015-07-23 13:30:00","13.5","NULL","NULL"
"364","131","5","60","9500","NULL","02-00-00-00","03-02-00-00","0","2015-07-23 08:00:00","2015-07-23 17:00:00","9","NULL","NULL"
"365","131","3","60","9500","NULL","03-02-00-00","04-00-00-00","0","2015-07-22 14:30:00","2015-07-24 15:30:00","19","NULL","NULL"
"366","131","8","60","9500","NULL","04-00-00-00","Last","0","2015-07-22 14:00:00","2015-07-24 17:00:00","21","NULL","NULL"
"367","132","2","50","17098","NULL","Stat","01-50-00-00","0","2015-07-23 08:00:00","2015-07-24 12:00:00","12","NULL","NULL"
"368","132","5","30","10259","NULL","01-50-00-00","Last","0","2015-07-24 08:00:00","2015-07-24 16:45:00","8.75","NULL","NULL"
"369","133","6","70","23940","NULL","Start","02-17-10-00","0","2015-07-24 13:00:00","2015-07-28 09:30:00","14.5","NULL","NULL"
"370","133","7","40","13680","NULL","02-17-10-00","02-58-00-00","0","2015-07-24 16:00:00","2015-07-28 10:00:00","12","NULL","NULL"
"371","133","10","40","13680","NULL","02-58-00-00","Last","0","2015-07-24 16:00:00","2015-07-28 08:15:00","10.25","NULL","NULL"
"372","134","1","130","44460","NULL","NULL","NULL","0","2015-07-21 08:00:00","2015-07-24 17:00:00","26","NULL","NULL"
"373","135","8","120","9000","NULL","Start","Last","0","2015-07-27 08:00:00","2015-07-29 09:15:00","18.25","NULL","NULL"
"374","136","3","120","9000","NULL","Start","Last","0","2015-07-27 08:00:00","2015-07-28 13:45:00","13.75","NULL","NULL"
"375","137","4","120","9000","NULL","Start","Last","0","2015-07-27 08:00:00","2015-07-28 09:30:00","9.5","NULL","NULL"
"376","138","5","120","9000","NULL","Start","Last","0","2015-07-27 08:00:00","2015-07-28 17:00:00","17","NULL","NULL"
"377","139","10","60","4500","NULL","Start","02-00-00-00","0","2015-07-28 08:00:00","2015-07-30 09:00:00","18","NULL","NULL"
"378","139","6","60","4500","NULL","02-00-00-00","Last","0","2015-07-28 09:45:00","2015-07-29 16:15:00","14.5","NULL","NULL"
"379","140","7","60","4500","NULL","Start","02-00-10-00","0","2015-07-28 10:00:00","2015-07-29 13:00:00","11","NULL","NULL"
"380","140","4","60","4500","NULL","02-00-10-00","Last","0","2015-07-28 10:00:00","2015-07-29 14:30:00","12.5","NULL","NULL"
"381","142","3","20","6840","NULL","NULL","NULL","0","2015-07-31 08:15:00","2015-07-31 10:15:00","2","NULL","NULL"
"382","142","8","15","5130","NULL","NULL","NULL","0","2015-07-31 08:15:00","2015-07-31 09:45:00","1.5","NULL","NULL"
"383","142","7","10","3420","NULL","NULL","NULL","0","2015-07-31 08:15:00","2015-07-31 11:00:00","2.75","NULL","NULL"
"384","142","6","20","6840","NULL","NULL","NULL","0","2015-07-31 08:15:00","2015-07-31 10:45:00","2.5","NULL","NULL"
"385","142","5","15","5130","NULL","NULL","NULL","0","2015-07-31 08:15:00","2015-07-31 11:30:00","3.25","NULL","NULL"
"386","142","4","20","6840","NULL","NULL","NULL","0","2015-07-31 08:15:00","2015-07-31 12:15:00","4","NULL","NULL"
"387","142","8","10","3420","NULL","NULL","NULL","0","2015-07-31 09:45:00","2015-07-31 11:15:00","1.5","NULL","NULL"
"388","141","4","30","10260","NULL","NULL","NULL","0","2015-07-30 13:00:00","2015-07-30 14:45:00","1.75","NULL","NULL"
"389","141","6","10","0","NULL","NULL","NULL","0","2015-07-30 13:00:00","2015-07-30 15:30:00","2.5","NULL","NULL"
"390","141","5","10","3420","NULL","NULL","NULL","0","2015-07-30 13:00:00","2015-07-30 16:00:00","3","NULL","NULL"
"391","141","7","5","0","NULL","NULL","NULL","0","2015-07-30 13:00:00","2015-07-30 16:00:00","3","NULL","NULL"
"392","141","8","10","0","NULL","NULL","NULL","0","2015-07-30 13:00:00","2015-07-30 15:00:00","2","NULL","NULL"
"393","141","3","5","0","NULL","NULL","NULL","0","2015-07-30 13:00:00","2015-07-30 17:00:00","4","NULL","NULL"
"394","143","6","35","5542","NULL","start","01-36-25-04","0","2015-08-03 13:30:00","2015-08-04 16:00:00","10.5","NULL","NULL"
"395","143","7","25","3958","NULL","01-36-25-04","02-00-33-02","0","2015-08-03 13:30:00","2015-08-04 13:30:00","8","NULL","NULL"
"396","143","10","30","4750","NULL","02-00-33-02","02-31-37-27","0","2015-08-03 13:45:00","2015-08-04 17:00:00","11.25","NULL","NULL"
"397","143","4","40","6333","NULL","02-31-37-27","03-11-43-00","0","2015-08-03 13:45:00","2015-08-04 17:00:00","11.25","NULL","NULL"
"398","143","8","35","5542","NULL","03-11-43-00","03-44-20-09","0","2015-08-03 14:00:00","2015-08-04 15:30:00","9.5","NULL","NULL"
"399","143","3","35","5542","NULL","03-44-20-09","Last","0","2015-08-03 14:00:00","2015-08-05 10:30:00","14.5","NULL","NULL"
"400","144","6","60","9500","NULL","Start","02-01-00-00","0","2015-08-04 16:00:00","2015-08-06 09:45:00","11.75","NULL","NULL"
"401","144","8","60","9500","NULL","02-01-00-00","03-00-26-16","0","2015-08-05 08:00:00","2015-08-06 17:00:00","17","NULL","NULL"
"402","144","10","60","9500","NULL","03-00-26-16","04-00-58-24","0","2015-08-05 08:00:00","2015-08-07 08:30:00","18.5","NULL","NULL"
"403","144","3","60","9500","NULL","04-00-58-24","Last","0","2015-08-05 10:00:00","2015-08-07 13:45:00","21.75","NULL","NULL"
"404","145","7","80","27360","NULL","Start","02-20-32-20","0","2015-08-04 14:00:00","2015-08-06 10:30:00","14.5","NULL","NULL"
"405","145","4","40","13680","NULL","02-20-32-20","Last","0","2015-08-05 08:00:00","2015-08-06 13:00:00","13","NULL","NULL"
"406","146","6","50","17107","NULL","start","01-50-00-00","0","2015-08-06 10:00:00","2015-08-06 16:30:00","6.5","NULL","NULL"
"407","146","7","45","15397","NULL","01-50-00-00","Last","0","2015-08-06 10:45:00","2015-08-07 11:00:00","8.25","NULL","NULL"
"408","147","4","65","22230","NULL","Start","Last","0","2015-08-06 13:15:00","2015-08-07 14:30:00","9.25","NULL","NULL"
"409","148","7","40","6333","NULL","Start","01-39-35-27","0","2015-08-07 12:00:00","2015-08-07 17:00:00","5","NULL","NULL"
"410","148","6","20","3167","NULL","01-39-35-27","01-56-25-11","0","2015-08-07 12:00:00","2015-08-07 17:00:00","5","NULL","NULL"
"411","148","3","15","2375","NULL","01-56-25-11","02-12-55-00","0","2015-08-07 12:00:00","2015-08-07 16:45:00","4.75","NULL","NULL"
"412","148","8","15","2375","NULL","02-12-55-00","02-31-06-00","0","2015-08-07 12:00:00","2015-08-07 17:00:00","5","NULL","NULL"
"413","148","10","15","2375","NULL","02-31-06-00","02-46-00-00","0","2015-08-07 12:00:00","2015-08-07 17:00:00","5","NULL","NULL"
"414","148","5","15","2375","NULL","02-46-00-00","Last","0","2015-08-07 12:00:00","2015-08-07 17:00:00","5","NULL","NULL"
"415","149","10","40","13680","NULL","Start","01-41-33-11","0","2015-08-10 08:00:00","2015-08-11 10:00:00","10","NULL","NULL"
"416","149","3","40","13680","NULL","01-41-33-11","02-22-19-02","0","2015-08-10 08:00:00","2015-08-11 14:45:00","14.75","NULL","NULL"
"417","149","4","40","13680","NULL","02-22-19-02","Last","0","2015-08-10 08:00:00","2015-08-12 09:15:00","18.25","NULL","NULL"
"418","150","5","40","13680","NULL","Start","01-42-12-19","0","2015-08-10 08:00:00","2015-08-11 16:45:00","16.75","NULL","NULL"
"419","150","7","40","13680","NULL","01-42-12-19","02-20-06-15","0","2015-08-10 08:00:00","2015-08-11 17:00:00","17","NULL","NULL"
"420","150","6","40","13680","NULL","02-20-06-15","Last","0","2015-08-10 08:00:00","2015-08-11 17:00:00","17","NULL","NULL"
"421","151","3","150","0","NULL","Start","Last","0","2015-08-11 14:45:00","","","NULL","NULL"
"422","152","10","120","41040","NULL","Start","Last","0","2015-08-11 10:15:00","2015-08-13 15:15:00","22","NULL","NULL"
"423","153","6","120","41040","NULL","Start","Last","0","2015-08-12 08:00:00","","","NULL","NULL"
"424","154","4","140","0","NULL","Start","Last","NULL","2015-08-12 09:15:00","NULL","NULL","NULL","NULL"
"425","159","7","150","0","NULL","Start","Last","NULL","2015-08-12 08:00:00","NULL","NULL","NULL","NULL"
"426","156","8","90","0","NULL","Start","02-30-28-21","NULL","2015-08-12 08:00:00","NULL","NULL","NULL","NULL"
"427","156","5","90","0","NULL","02-30-28-21","Last","NULL","2015-08-12 08:00:00","NULL","NULL","NULL","NULL"
